artist_name,info
Gerald Payne,ucla.edu
Alan Edwards,microsoft.com
Billy Palmer,cyberchimps.com
Brian Collins,people.com.cn
Carol Torres,i2i.jp
Ruby Morgan,blogs.com
Kathleen Fuller,globo.com
Adam Mcdonald,cbsnews.com
Wayne West,epa.gov
Amy Long,nbcnews.com
Mark Martinez,engadget.com
Lawrence Chavez,si.edu
Brandon Davis,yale.edu
Chris Rogers,squarespace.com
Cynthia Mitchell,washington.edu
Gregory Hansen,bandcamp.com
Annie Burke,moonfruit.com
Harry Smith,i2i.jp
Todd Romero,1688.com
Randy Phillips,e-recht24.de
Jack Bryant,cargocollective.com
Michael Barnes,paginegialle.it
Annie Elliott,dell.com
Jacqueline Howell,behance.net
Paul Hanson,blogger.com
Tammy Stevens,multiply.com
Matthew Stewart,washingtonpost.com
Adam Tucker,ebay.com
Ann Dean,tinypic.com
Gerald Rodriguez,fotki.com
Stephanie Sims,usnews.com
Ronald Jacobs,ca.gov
Dennis Martin,sfgate.com
Denise Richardson,elpais.com
Betty Gibson,sakura.ne.jp
Johnny Richardson,cocolog-nifty.com
Marilyn Cruz,netscape.com
Sarah Turner,i2i.jp
Diana Price,nsw.gov.au
Walter Stevens,altervista.org
Catherine Hernandez,springer.com
Billy Burke,google.ru
Lois Burke,npr.org
Melissa Fernandez,webeden.co.uk
Albert Mcdonald,ning.com
Andrea Cruz,livejournal.com
Gloria Fox,wunderground.com
Jonathan Willis,microsoft.com
Adam Alvarez,constantcontact.com
Sharon Hunt,1688.com
Andrea Arnold,google.fr
Andrea Bishop,google.pl
Ronald Evans,godaddy.com
Bobby Young,yellowpages.com
Ryan Walker,github.io
Todd Long,nbcnews.com
Lois Stevens,biblegateway.com
Susan Griffin,webs.com
Todd Hawkins,cnet.com
Mary Gray,nhs.uk
James Jones,kickstarter.com
Heather Mitchell,tiny.cc
Mark Evans,ycombinator.com
Thomas Owens,columbia.edu
Gregory Washington,youku.com
Edward Watkins,ask.com
Alice Palmer,cloudflare.com
Russell Duncan,opensource.org
Roger Henry,infoseek.co.jp
Cheryl Holmes,hatena.ne.jp
Gloria Day,google.de
Raymond Lewis,oakley.com
Daniel Chavez,smh.com.au
Justin Bryant,vimeo.com
Peter Perez,loc.gov
Kathleen Montgomery,tiny.cc
Lawrence Schmidt,ocn.ne.jp
Jason Alexander,thetimes.co.uk
Eugene Wallace,mtv.com
Christopher Burns,home.pl
William Mitchell,google.ca
Frances Patterson,xing.com
Sarah Berry,amazonaws.com
Beverly Mccoy,seesaa.net
Willie Welch,google.com
Susan Kim,eepurl.com
Harry Morris,wunderground.com
Cynthia Rice,stumbleupon.com
Elizabeth Smith,alibaba.com
Edward Reynolds,desdev.cn
Debra Hall,theguardian.com
John Gomez,nba.com
Judith Washington,addthis.com
Theresa Fox,dedecms.com
Betty Johnston,vimeo.com
Raymond Fox,taobao.com
Walter Robinson,usa.gov
William Alvarez,amazon.co.jp
Clarence Grant,php.net
Virginia Richardson,miitbeian.gov.cn
Jason Davis,gizmodo.com
Frank Sanders,redcross.org
Lisa Ruiz,shop-pro.jp
Gloria Webb,drupal.org
Willie Riley,printfriendly.com
Joyce Wagner,devhub.com
Matthew Carpenter,mapquest.com
Emily Myers,addtoany.com
Wanda Stone,tumblr.com
Johnny Alvarez,flickr.com
Clarence Lopez,ocn.ne.jp
Harold Wheeler,google.nl
Keith Medina,t.co
Kenneth Patterson,about.com
Ryan Harrison,google.ru
Joshua Flores,example.com
Rose Banks,patch.com
Ernest Bradley,economist.com
Paula Holmes,tumblr.com
Kathryn Hanson,springer.com
Antonio Carr,mayoclinic.com
Christine Dunn,princeton.edu
Phillip Hudson,unicef.org
Chris Ward,51.la
Jimmy Oliver,abc.net.au
Jeffrey Wright,drupal.org
Elizabeth Ferguson,google.de
Craig Lawson,newsvine.com
Keith Fisher,hexun.com
Joshua Barnes,youtube.com
Paul Reed,tmall.com
Louis Flores,usa.gov
Chris Washington,cpanel.net
Samuel Porter,washington.edu
Anna Gilbert,upenn.edu
Johnny Webb,prlog.org
Diane Lawson,delicious.com
Irene Hall,go.com
Maria Jenkins,bloglovin.com
Eric Franklin,engadget.com
George Olson,sakura.ne.jp
Robin Nichols,tripod.com
Arthur Ryan,plala.or.jp
Frank Stewart,gmpg.org
Douglas Cooper,miibeian.gov.cn
Eugene Medina,redcross.org
Bruce Hart,timesonline.co.uk
Melissa Mitchell,auda.org.au
Dennis Cooper,utexas.edu
Richard Fuller,qq.com
Betty Perkins,hostgator.com
Willie Mendoza,youtube.com
Tammy Griffin,wp.com
Theresa Fields,slashdot.org
Johnny Reyes,e-recht24.de
Johnny Hunt,uiuc.edu
Annie Oliver,vk.com
James Williamson,sun.com
Wanda Franklin,symantec.com
Janet Wilson,1und1.de
Henry Burns,aol.com
Diana Torres,mashable.com
Gary Shaw,vinaora.com
Julia Mason,studiopress.com
Jose Martinez,mozilla.com
Jean Simpson,flickr.com
Melissa Arnold,unc.edu
Debra Shaw,hhs.gov
Antonio Johnson,wikimedia.org
Shirley Fuller,cyberchimps.com
Irene Olson,deviantart.com
Earl Spencer,imdb.com
Justin Medina,hhs.gov
Martha Bell,utexas.edu
George Lane,archive.org
Helen Baker,geocities.com
Jimmy Bowman,techcrunch.com
Amy Long,360.cn
John Rivera,shinystat.com
Catherine Kim,alexa.com
Martha Mcdonald,symantec.com
Jane Phillips,ehow.com
Christine Payne,bloomberg.com
Daniel Cooper,ezinearticles.com
Donald Lee,skype.com
Katherine Rogers,independent.co.uk
Jacqueline George,usgs.gov
Ann Howell,pinterest.com
Ruby Payne,privacy.gov.au
Kevin Thompson,adobe.com
Maria Scott,wp.com
Marilyn Ross,shop-pro.jp
Jose Lawson,slideshare.net
Jesse Garcia,chronoengine.com
Kathy Perkins,nature.com
Jessica Rivera,linkedin.com
Laura Thompson,engadget.com
Tina Wilson,google.cn
Gregory Ford,webmd.com
Eugene Holmes,yelp.com
Carlos Taylor,walmart.com
Melissa Palmer,topsy.com
Andrea Gilbert,mtv.com
Mary Lynch,ucla.edu
Judith Foster,imdb.com
Adam Stone,dagondesign.com
Kevin Peterson,ucoz.com
Bonnie Ramirez,cafepress.com
Ernest Ryan,walmart.com
Jane Hawkins,stumbleupon.com
Diana Ramos,google.fr
Patricia White,amazon.co.jp
Lois Campbell,instagram.com
Marilyn Day,bloglovin.com
Cynthia Henderson,scientificamerican.com
Steven Andrews,discovery.com
Randy Olson,shop-pro.jp
Margaret Fields,360.cn
Scott Stanley,cisco.com
Carlos Jacobs,merriam-webster.com
Peter Carter,360.cn
Bonnie Bell,weather.com
Janet Reed,fotki.com
Anna Perry,yolasite.com
Douglas Mcdonald,github.io
Mildred Tucker,clickbank.net
Helen Hayes,businessweek.com
Lisa Ramirez,last.fm
Alan Fowler,google.com.hk
Doris Powell,washingtonpost.com
Patricia Gutierrez,tmall.com
Irene Long,shareasale.com
Jeffrey Ross,tinyurl.com
Gary Morrison,ebay.com
Patrick Snyder,bbb.org
Nancy Washington,edublogs.org
Donald Miller,squarespace.com
Mildred Hansen,tumblr.com
Adam Berry,phoca.cz
Donna Rose,networkadvertising.org
Pamela Lopez,printfriendly.com
Carl Long,mozilla.com
Lisa Hanson,taobao.com
Denise Bryant,cyberchimps.com
Nancy Phillips,buzzfeed.com
Phillip Ford,marriott.com
Harry Howard,reverbnation.com
Laura Fowler,hexun.com
Sara Robinson,cnbc.com
Julie Williamson,seesaa.net
